ip_address_anonymized,suspicious_event_count
ip_address_1328,258
ip_address_2948,150
ip_address_3176,77
ip_address_3385,48
ip_address_1287,41
ip_address_3174,32
ip_address_3153,30
ip_address_3109,28
ip_address_3175,23
ip_address_48,22
ip_address_924,22
ip_address_2970,22
ip_address_3446,21
ip_address_2324,20
ip_address_490,20
ip_address_492,19
ip_address_2967,18
ip_address_191,18
ip_address_702,18
ip_address_1282,17
ip_address_496,17
ip_address_1283,17
ip_address_869,17
ip_address_161,17
ip_address_2357,17
ip_address_63,16
ip_address_495,16
ip_address_67,15
ip_address_70,14
ip_address_875,14
ip_address_2982,14
ip_address_46,14
ip_address_73,14
ip_address_3126,14
ip_address_216,14
ip_address_42,13
ip_address_3063,13
ip_address_3814,13
ip_address_3072,12
ip_address_43,12
ip_address_71,12
ip_address_3427,12
ip_address_193,12
ip_address_3144,11
ip_address_3745,11
ip_address_888,11
ip_address_2953,11
ip_address_1192,11
ip_address_3687,11
ip_address_68,10
ip_address_701,10
ip_address_1248,10
ip_address_45,10
ip_address_756,10
ip_address_2981,10
ip_address_3387,10
ip_address_1296,10
ip_address_3672,9
ip_address_3264,9
ip_address_65,9
ip_address_3073,9
ip_address_64,9
ip_address_66,9
ip_address_868,9
ip_address_3259,9
ip_address_1275,9
ip_address_2945,9
ip_address_3172,9
ip_address_3268,9
ip_address_3265,8
ip_address_345,8
ip_address_3199,8
ip_address_3249,8
ip_address_49,8
ip_address_1324,8
ip_address_69,8
ip_address_3448,8
ip_address_34,8
ip_address_3136,7
ip_address_47,7
ip_address_188,7
ip_address_493,7
ip_address_3453,7
ip_address_196,7
ip_address_164,7
ip_address_940,7
ip_address_3064,7
ip_address_2986,7
ip_address_74,7
ip_address_613,7
ip_address_3114,7
ip_address_1290,7
ip_address_342,7
ip_address_3393,7
ip_address_3445,6
ip_address_1171,6
ip_address_1288,6
ip_address_336,6
ip_address_3315,6
ip_address_3304,6
ip_address_61,6
ip_address_1218,6
ip_address_707,6
ip_address_3368,6
ip_address_372,6
ip_address_3923,6
ip_address_3832,6
ip_address_50,6
ip_address_3669,6
ip_address_1215,6
ip_address_2302,6
ip_address_2372,6
ip_address_870,6
ip_address_3131,6
ip_address_3372,6
ip_address_498,6
ip_address_3079,6
ip_address_765,6
ip_address_3074,6
ip_address_3182,5
ip_address_889,5
ip_address_261,5
ip_address_3951,5
ip_address_1376,5
ip_address_340,5
ip_address_982,5
ip_address_614,5
ip_address_264,5
ip_address_1686,5
ip_address_3921,5
ip_address_437,5
ip_address_3261,5
ip_address_772,5
ip_address_770,5
ip_address_3151,5
ip_address_890,5
ip_address_1214,5
ip_address_32,5
ip_address_761,5
ip_address_289,5
ip_address_867,5
ip_address_1653,5
ip_address_2973,5
ip_address_3406,5
ip_address_2360,5
ip_address_517,5
ip_address_190,5
ip_address_499,5
ip_address_1206,5
ip_address_327,5
